{"1":{"1":{"Tid":"26","Tname":"巴黎44恐怖袭击","id":"2","userId":"7_1","messageId":"6","Mcontent":"发表帖子的心情","Mhttp":"sssss.com","Commented_count":"0","Mfav":"0","extra":null}},"2":{"1":{"Tid":"20","Tname":"巴黎恐怖袭击","id":"1","userId":"2_1","messageId":"2","Mcontent":"发表帖子的心情","Mhttp":"sssss.com","Commented_count":"0","Mfav":"0","extra":null}},"3":{"1":{"Tid":"22","Tname":"巴黎2恐怖袭击","id":"1","userId":"2_1","messageId":"4","Mcontent":"发表帖子的心情","Mhttp":"sssss.com","Commented_count":"0","Mfav":"0","extra":null}}}