[{"Msg_id":"1",
 "User_id":"1_1",
 "Tid":"0",
 "Mcontent":"the sample",
 "Mhttp":"sssss.com",
 "ImgeWidthAndHeight_JSON":{"width":"4","height":"2"},
 "Type":"0",
 "Mfav":"0",
 "Commented_count":"0",
 "Transferred_count":"0",
 "Time_t":"2015-12-16 04:20:09"},
 {"Msg_id":"帖子id",
 "User_id":"发出贴子用户的id",
 "Tid":"话题id",
 "Mcontent":"发布帖子时候的心情",
 "Mhttp":"帖子图片的地址",
 "ImgeWidthAndHeight_JSON":{"width":"图片的宽","height":"图片的高"},
 "Type":"0是原创信息",
 "Mfav":"有多少人点赞",
 "Commented_count":"评论有多少个人",
 "Transferred_count":"转发有多少个人",
 "Time_t":"帖子创建时间"}]