[{"Msg_id":"4","User_id":"2_1","ForUalais":"","Tid":"22","Mcontent":"发表帖子的心情","Mhttp":"sssss.com","ImgeWidthAndHeight_JSON":{"width":"4","height":"2"},"location_x":null,"location_y":null,"locationName":null,"extra":null,"Type":"0","Mfav":"0","Commented_count":"0","Transferred_count":"0","Time_t":"2015-12-29 04:54:15"},{"Msg_id":"2","User_id":"2_1","ForUalais":"","Tid":"20","Mcontent":"发表帖子的心情","Mhttp":"sssss.com","ImgeWidthAndHeight_JSON":{"width":"4","height":"2"},"location_x":null,"location_y":null,"locationName":null,"extra":null,"Type":"0","Mfav":"0","Commented_count":"0","Transferred_count":"0","Time_t":"2015-12-29 04:25:32"}]