{"swagger":"2.0","info":{"description":"接口说明","version":"1.0.0","title":"imoment接口文档"},"host":"menlon.ren/api","basePath":"menlon.ren","tags":[{"name":"用户管理/用户注册","description":"注册管理","sortWeight":0},{"name":"用户管理/详细信息提交","description":"重新提交用户信息","sortWeight":50},{"name":"用户管理/其他","description":"","sortWeight":100},{"name":"文件上传","description":"分为 多媒体云 和本机测试上传接口","sortWeight":200},{"name":"消息管理","description":"","sortWeight":250},{"name":"软件首页","description":"","sortWeight":300},{"name":"个人主页","description":"","sortWeight":350},{"name":"搜索--按热度 话题,学校 ,用户","description":"","sortWeight":400},{"name":"动态","description":"","sortWeight":450}],"schemes":[],"consumes":[],"produces":[],"paths":{"http://localhost/controller/ViewController/UserManager/UserInformationManager/logByUPhoneController.php":{"get":{"tags":["用户管理/其他"],"summary":"登录","description":"这里不用传入hashkey","schemes":["https"],"consumes":["multipart/form-data"],"produces":["application/json"],"parameters":[{"name":"UPhone","in":"formData","description":"","required":true,"type":"string","default":"","format":""},{"name":"Upasswd","in":"formData","description":"","required":true,"type":"string","default":"","format":""}],"responses":{"失败返回值":{"description":"","schema":{"$ref":"#/definitions/失败返回值"},"sortWeight":0},"成功返回值":{"description":"","schema":{"$ref":"#/definitions/成功返回值{userId}"},"sortWeight":0}},"sortWeight":0}},"http://wantu.taobao.com/mediaportal/index.htm":{"get":{"tags":["文件上传"],"summary":"多媒体云","description":"请登录http://wantu.taobao.com/mediaportal/index.htm  查看api文档","schemes":["http"],"consumes":["multipart/form-data"],"produces":["application/json"],"parameters":[],"responses":{},"sortWeight":0}},"https://menlon.ren/controller/ViewController/Dynamic/FavourListViewController.php?type=getFavourList":{"post":{"tags":["动态"],"summary":"获得此手机的用户 的点赞列表","description":"","schemes":["https"],"consumes":["multipart/form-data"],"produces":["application/json"],"parameters":[{"name":"type","in":"formData","description":"","required":true,"type":"string","default":"getFavourList","format":""},{"name":"userId","in":"formData","description":"用户唯一标识码","required":true,"type":"string","default":"","format":""},{"name":"page","in":"formData","description":"页码","required":true,"type":"string","default":"","format":""}],"responses":{"失败返回值":{"description":"","schema":{"$ref":"#/definitions/失败返回值"},"sortWeight":0},"成功/为空":{"description":"","schema":{"type":"cust","format":"json","content":"{\"code\":802,\"error_msg\":\"查询结果为空\"} "},"sortWeight":0}},"sortWeight":0}},"https://menlon.ren/controller/ViewController/FileUpLoad/FileUpLoadController.php":{"post":{"tags":["文件上传"],"summary":"测试上传","description":"正式运行时请使用多媒体云 http://wantu.taobao.com/mediaportal/index.htm?spm=a3c0d.7758105.4.2.9zln8p&qq-pf-to=pcqq.c2c","schemes":["https"],"consumes":["multipart/form-data"],"produces":["application/json"],"parameters":[{"name":"file","in":"formData","description":"\"image/gif\"   gif文件\"image/jpeg\"  jpg文件\"image/pjpeg\" jpg文件\"image/png\" png文件\"video/mpeg4\"  mp4文件","required":true,"type":"file","default":"content-type","format":""}],"responses":{"失败返回值":{"description":"","schema":{"type":"cust","format":"json","content":"{\n\t\"code\":801,\n        \"error_msg\":\"错误原因\"\n}"},"sortWeight":0},"成功返回值":{"description":"","schema":{"type":"cust","format":"json","content":"{\n\"code\":200,\n\"error_msg\":\"上传后得到的 图片或视频的地址\"\n}"},"sortWeight":0}},"sortWeight":0}},"https://menlon.ren/controller/ViewController/Find/FindManagerModule/FindManagerModuleController.php?type=findSchoolBySchoolName":{"post":{"tags":["搜索--按热度 话题,学校 ,用户"],"summary":"学校搜索","description":"","schemes":["https"],"consumes":["multipart/form-data"],"produces":["application/json"],"parameters":[{"name":"type","in":"formData","description":"","required":true,"type":"string","default":"findSchoolBySchoolName","format":""},{"name":"schoolName","in":"formData","description":"在搜索栏的文字,采用后匹配的方式,既是(以下面为例子--->东莞%  )","required":true,"type":"string","default":"","format":""}],"responses":{"成功返回值":{"description":"","schema":{"type":"cust","format":"json","content":"[\n  {\n    \"content\": \"string,学校简介\",\n    \"schoolName\": \"string,学校名称\",\n    \"submitTime\": \"string,学校类别创建时间\",\n    \"schoolId\": \"string,学校编号\",\n    \"schoolMessageCount\": \"string,这个学校发帖总数量\"\n  },\n  {\n    \"content\": \"string,学校简介\",\n    \"schoolName\": \"string,学校名称\",\n    \"submitTime\": \"string,学校类别创建时间\",\n    \"schoolId\": \"string,学校编号\",\n    \"schoolMessageCount\": \"string,这个学校发帖总数量\"\n  }\n]"},"sortWeight":0},"成功返回值/无结果":{"description":"","schema":{"type":"cust","format":"json","content":"{\"code\":802,\"error_msg\":\"在表中无此数据\"} "},"sortWeight":0}},"sortWeight":0}},"https://menlon.ren/controller/ViewController/Find/FindManagerModule/FindManagerModuleController.php?type=findTitleByTitleName":{"post":{"tags":["搜索--按热度 话题,学校 ,用户"],"summary":"话题搜索","description":"","schemes":["https"],"consumes":["multipart/form-data"],"produces":["application/json"],"parameters":[{"name":"type","in":"formData","description":"","required":true,"type":"string","default":"findSchoolBySchoolName","format":""},{"name":"schoolName","in":"formData","description":"在搜索栏的文字,采用后匹配的方式,既是(以下面为例子--->巴黎%  )","required":true,"type":"string","default":"","format":""},{"name":"page","in":"formData","description":"页数","required":true,"type":"string","default":"1","format":""}],"responses":{"成功返回结果":{"description":"","schema":{"type":"cust","format":"json","content":"[\n    {\n      \"Tname\": \"string,话题名称\",\n      \"TmessageCount\": \"string,此话题的帖子数量\",\n      \"Tid\": \"string,话题编号\",\n      \"Tcontent\": \"string,话题内容\",\n      \"TsubmitTime\": \"string,话题创建时间\"\n    },\n    {\n      \"Tname\": \"string,话题名称2\",\n      \"TmessageCount\": \"string,此话题的帖子数量\",\n      \"Tid\": \"string,话题编号\",\n      \"Tcontent\": \"string,话题内容\",\n      \"TsubmitTime\": \"string,话题创建时间\"\n    }\n]"},"sortWeight":0},"成功返回值/无数据":{"description":"","schema":{"type":"cust","format":"json","content":"{\"code\":802,\"error_msg\":\"在表中无此数据\"} "},"sortWeight":0}},"sortWeight":0}},"https://menlon.ren/controller/ViewController/Find/FindManagerModule/FindManagerModuleController.php?type=findUserByUalais":{"post":{"tags":["搜索--按热度 话题,学校 ,用户"],"summary":"用户搜索","description":"","schemes":["https"],"consumes":["multipart/form-data"],"produces":["application/json"],"parameters":[{"name":"type","in":"formData","description":"","required":true,"type":"string","default":"findUserByUalais","format":""},{"name":"Ualais","in":"formData","description":"在搜索栏的文字,采用后匹配的方式,既是(以下面为例子--->ss%  )","required":true,"type":"string","default":"","format":""},{"name":"page","in":"formData","description":"页数","required":true,"type":"string","default":"1","format":""}],"responses":{"失败返回值":{"description":"","schema":{"$ref":"#/definitions/失败返回值"},"sortWeight":0},"成功返回值":{"description":"","schema":{"type":"cust","format":"json","content":"{\n\"code\":802,\n\"error_msg\":\"请继续输入名称,或表中无此数据\"\n}"},"sortWeight":0},"成功返回值2":{"description":"","schema":{"type":"array","format":"","items":{"description":"","$ref":"#/definitions/用户搜索json对象"}},"sortWeight":0}},"sortWeight":0}},"https://menlon.ren/controller/ViewController/Find/SearchManagerViewController.php":{"post":{"tags":["软件首页"],"summary":"按照热度获取用户帖子","description":"","schemes":["https"],"consumes":["multipart/form-data"],"produces":["application/json"],"parameters":[{"name":"type","in":"formData","description":"?type=searchByHotValue","required":true,"type":"string","default":"searchByHotValue","format":""},{"name":"page","in":"formData","description":"","required":true,"type":"string","default":"","format":""}],"responses":{"失败返回值":{"description":"","schema":{"$ref":"#/definitions/失败返回值"},"sortWeight":0},"成功返回值":{"description":"","schema":{"$ref":"#/definitions/热度用户帖子返回父节点"},"sortWeight":0}},"sortWeight":0}},"https://menlon.ren/controller/ViewController/Find/SearchManagerViewController.php?type=searchByHotMessageTitle ":{"post":{"tags":["软件首页"],"summary":"热门话题获取","description":"","schemes":["https"],"consumes":["multipart/form-data"],"produces":["application/json"],"parameters":[{"name":"type","in":"formData","description":"","required":true,"type":"string","default":"searchByHotMessageTitle","format":""},{"name":"page","in":"formData","description":"<可选 默认值1 >页数<每页10个,需要更改数量请在db.config.php修改>","required":false,"type":"string","default":"1","format":""},{"name":"getNumber","in":"formData","description":"<可选 默认值1> 每个话题需要取出多少个帖子","required":false,"type":"string","default":"1","format":""}],"responses":{"失败返回值":{"description":"","schema":{"$ref":"#/definitions/失败返回值"},"sortWeight":0},"成功返回值":{"description":"","schema":{"$ref":"#/definitions/热门话题获取List"},"sortWeight":0}},"sortWeight":0}},"https://menlon.ren/controller/ViewController/Find/SearchManagerViewController.php?type=searchByHotSchoolTitle":{"post":{"tags":["软件首页"],"summary":"热门学校获取","description":"","schemes":["https"],"consumes":["multipart/form-data"],"produces":["application/json"],"parameters":[{"name":"type","in":"formData","description":"","required":true,"type":"string","default":"searchByHotSchoolTitle","format":""},{"name":"page","in":"formData","description":"拉取页数","required":false,"type":"string","default":"1","format":""},{"name":"getNumber","in":"formData","description":"可选,每个学校获取多少个帖子<page和getNumber要同时使用>","required":false,"type":"string","default":"","format":""}],"responses":{"失败返回值":{"description":"","schema":{"$ref":"#/definitions/失败返回值"},"sortWeight":0},"成功返回值":{"description":"","schema":{"$ref":"#/definitions/总学校排名List"},"sortWeight":0}},"sortWeight":0}},"https://menlon.ren/controller/ViewController/HomePage/userInformationTitleViewController.php":{"post":{"tags":["个人主页"],"summary":"获取个人主页标题","description":"","schemes":["https"],"consumes":["multipart/form-data"],"produces":["application/json"],"parameters":[{"name":"type","in":"formData","description":"?type=getUserTitle","required":true,"type":"string","default":"getUserTitle","format":""},{"name":"userId","in":"formData","description":"","required":true,"type":"string","default":"","format":""}],"responses":{"失败返回值":{"description":"","schema":{"$ref":"#/definitions/失败返回值"},"sortWeight":0},"成功返回值":{"description":"","schema":{"$ref":"#/definitions/个人主页 标题对象"},"sortWeight":0}},"sortWeight":0}},"https://menlon.ren/controller/ViewController/HomePage/userInformationTitleViewController.php?type=getUserTitle":{"post":{"tags":["用户管理/用户注册"],"summary":"获取个人主页标题","description":"","schemes":["https"],"consumes":["multipart/form-data"],"produces":["application/json"],"parameters":[],"responses":{},"sortWeight":0}},"https://menlon.ren/controller/ViewController/MessageManager/UserMessageManager/getMessageViewController.php":{"post":{"tags":["个人主页"],"summary":"个人主页的帖子获取","description":"","schemes":["https"],"consumes":["multipart/form-data"],"produces":["application/json"],"parameters":[{"name":"Type","in":"formData","description":"","required":true,"type":"string","default":"0","format":""},{"name":"userId","in":"formData","description":"准备获取首页的userid, 可能情景,看自己的首页,看别人的首页 ","required":true,"type":"string","default":"","format":""},{"name":"Num","in":"formData","description":"获取的页码, 9个一页  ","required":true,"type":"string","default":"","format":""}],"responses":{"失败返回值":{"description":"","schema":{"$ref":"#/definitions/失败返回值"},"sortWeight":0},"成功返回值":{"description":"","schema":{"type":"cust","format":"json","content":"[\n{\n\t\"Msg_id\":\"2\",\n\t\"User_id\":\"1_1\",\n\t\"ForUalais\":\"用户昵称\",\n\t\"Tid\":\"3\",\n\t\"Mcontent\":\"发表帖子的心情\",\n\t\"Mhttp\":\"sssss.com\",\n\t\"ImgeWidthAndHeight_JSON\":{\"width\":\"4\",\"height\":\"2\"},\n\t\"location_x\":null,\n\t\"location_y\":null,\n\t\"locationName\":null,\n\t\"extra\":null,\n\t\"Type\":\"0\",\n\t\"Mfav\":\"0\",\n\t\"Commented_count\":\"0\",\n\t\"Transferred_count\":\"0\",\n\t\"Time_t\":\"2015-12-24 08:19:29\"\n\t},\n{\"帖子2\":\"帖子对象\"},\n{\"帖子3\":\"帖子对象\"},\n{\"帖子4\":\"帖子对象\"}\n]"},"sortWeight":0}},"sortWeight":0}},"https://menlon.ren/controller/ViewController/MessageManager/UserMessageManager/getMessageViewController.php?Type=1":{"post":{"tags":["消息管理"],"summary":" 获取某个消息的评论","description":"","schemes":["https"],"consumes":["multipart/form-data"],"produces":["application/json"],"parameters":[{"name":"Type","in":"formData","description":"Type=\"1\"   默认不要修改   ","required":false,"type":"string","default":"1","format":""},{"name":"userId","in":"formData","description":"","required":true,"type":"string","default":"","format":""},{"name":"messageId","in":"formData","description":"","required":true,"type":"string","default":"","format":""},{"name":"Num","in":"formData","description":"","required":true,"type":"string","default":"","format":""},{"name":"refreshBool","in":"formData","description":"(可选)传入’1’ 就会刷新静态文件,只有在用户查看回复他的评论,才建议传入1,否则忽略这个参数(可选,如果不手动刷新,默认静态文件会10分钟自动刷新一次)","required":false,"type":"string","default":"","format":""}],"responses":{"失败返回值":{"description":"","schema":{"$ref":"#/definitions/失败返回值"},"sortWeight":0},"成功返回值":{"description":"","schema":{"type":"cust","format":"json","content":"[ \n{\n\"replyld\":\"1\",\n\"userid\":\"2_1\",\n\"messageld\":\"消息id\",\n\"ForUalais\":\"发出评论的人的昵称\",\n\"ForUserld\" : \"1_1\",\t\n\"AtUserld\" :\"null\", \n\"dependReplyld\":\"null\",\n\"replyContent\":\"评论内容\",\n\"replyDateTime\":\"回复时间\"\n},\n{\"回复 2\":\"回复2\"},\n{\"回复3\":\"注意这里是j son数组\"}\n]"},"sortWeight":0}},"sortWeight":0}},"https://menlon.ren/controller/ViewController/MessageManager/UserMessageManager/sentMessageViewController.php":{"post":{"tags":["消息管理"],"summary":"用户信息发布","description":"","schemes":["https"],"consumes":["multipart/form-data"],"produces":["application/json"],"parameters":[{"name":"userId","in":"formData","description":"","required":true,"type":"string","default":"","format":""},{"name":"Tid","in":"formData","description":"","required":true,"type":"string","default":"","format":""},{"name":"Mcontent","in":"formData","description":"","required":true,"type":"string","default":"","format":""},{"name":"Mhttp","in":"formData","description":"","required":true,"type":"string","default":"","format":""},{"name":"ImgeWidth","in":"formData","description":"","required":true,"type":"string","default":"","format":""},{"name":"ImgeHeight","in":"formData","description":"","required":true,"type":"string","default":"","format":""},{"name":"Type","in":"formData","description":"","required":true,"type":"string","default":"","format":""},{"name":"location_x","in":"formData","description":"","required":true,"type":"string","default":"","format":""},{"name":" location_y","in":"formData","description":"","required":true,"type":"string","default":"","format":""},{"name":"locationName","in":"formData","description":"","required":true,"type":"string","default":"","format":""},{"name":"extra","in":"formData","description":"","required":true,"type":"string","default":"","format":""}],"responses":{"失败返回值":{"description":"","schema":{"$ref":"#/definitions/失败返回值"},"sortWeight":0},"成功返回值":{"description":"","schema":{"$ref":"#/definitions/成功返回值{userId}"},"sortWeight":0}},"sortWeight":0}},"https://menlon.ren/controller/ViewController/MessageManager/UserMessageManager/sentMessageViewController.php?Type=1":{"post":{"tags":["消息管理"],"summary":"评论消息的发布","description":"","schemes":["https"],"consumes":["multipart/form-data"],"produces":["application/json"],"parameters":[{"name":"Type","in":"formData","description":"","required":true,"type":"string","default":"","format":""},{"name":"userId","in":"formData","description":"","required":true,"type":"string","default":"","format":""},{"name":"messageId","in":"formData","description":"","required":true,"type":"string","default":"","format":""},{"name":"ForUalais","in":"formData","description":"","required":true,"type":"string","default":"","format":""},{"name":"ForUserId","in":"formData","description":"","required":true,"type":"string","default":"","format":""},{"name":"AtUserId","in":"formData","description":"","required":true,"type":"string","default":"","format":""},{"name":"AtUserName","in":"formData","description":"","required":true,"type":"string","default":"","format":""},{"name":"dependReplyId","in":"formData","description":"","required":true,"type":"string","default":"","format":""},{"name":"replyContent","in":"formData","description":"","required":true,"type":"string","default":"","format":""}],"responses":{"失败返回值":{"description":"","schema":{"$ref":"#/definitions/失败返回值"},"sortWeight":0},"成功返回值":{"description":"","schema":{"$ref":"#/definitions/成功返回值{userId}"},"sortWeight":0}},"sortWeight":0}},"https://menlon.ren/controller/ViewController/MessageManager/UserMessageManager/transferMessageViewController.php":{"post":{"tags":["消息管理"],"summary":"收藏列表(点赞) ","description":"","schemes":["https"],"consumes":["multipart/form-data"],"produces":["application/json"],"parameters":[{"name":"Tid","in":"formData","description":"","required":true,"type":"string","default":"","format":""},{"name":"id","in":"formData","description":"","required":true,"type":"string","default":"","format":""},{"name":"toUserid","in":"formData","description":"","required":true,"type":"string","default":"","format":""},{"name":"fromUser","in":"formData","description":"","required":true,"type":"string","default":"","format":""},{"name":"Messageid","in":"formData","description":"","required":true,"type":"string","default":"","format":""},{"name":"Ualais","in":"formData","description":"","required":true,"type":"string","default":"","format":""}],"responses":{"失败返回值":{"description":"","schema":{"$ref":"#/definitions/失败返回值"},"sortWeight":0},"成功返回值":{"description":"","schema":{"$ref":"#/definitions/成功返回值{userId}"},"sortWeight":0}},"sortWeight":0}},"https://menlon.ren/controller/ViewController/UserManager/FollowGroupManager/FollowGroupManagerViewController.php?type=addUser":{"post":{"tags":["用户管理/其他"],"summary":"添加关注用户","description":"","schemes":["https"],"consumes":["multipart/form-data"],"produces":["application/json"],"parameters":[{"name":"type","in":"formData","description":"","required":true,"type":"string","default":"addUser","format":""},{"name":"forUserId","in":"formData","description":"","required":true,"type":"string","default":"","format":""},{"name":"forUalais","in":"formData","description":"","required":true,"type":"string","default":"","format":""},{"name":"toUserId","in":"formData","description":"","required":true,"type":"string","default":"","format":""},{"name":"toUalais","in":"formData","description":"","required":true,"type":"string","default":"","format":""},{"name":"groupName","in":"formData","description":"","required":true,"type":"string","default":"","format":""}],"responses":{"失败返回值":{"description":"","schema":{"$ref":"#/definitions/失败返回值"},"sortWeight":0},"成功返回值":{"description":"","schema":{"type":"cust","format":"json","content":"{\n\t\"code\": 200,\n       \"error_msg\":\"成功信息\"\n}"},"sortWeight":0}},"sortWeight":0}},"https://menlon.ren/controller/ViewController/UserManager/FollowGroupManager/FollowGroupManagerViewController.php?type=deleteUser":{"post":{"tags":["用户管理/其他"],"summary":"删除关注用户","description":"","schemes":["https"],"consumes":["multipart/form-data"],"produces":["application/json"],"parameters":[{"name":"type","in":"formData","description":"?type=deleteUser","required":true,"type":"string","default":"deleteUser","format":""},{"name":"forUserId","in":"formData","description":"","required":true,"type":"string","default":"","format":""},{"name":"toUserId","in":"formData","description":"","required":true,"type":"string","default":"","format":""}],"responses":{"失败返回值":{"description":"","schema":{"$ref":"#/definitions/失败返回值"},"sortWeight":0},"成功返回值":{"description":"","schema":{"$ref":"#/definitions/成功返回值{userId}"},"sortWeight":50}},"sortWeight":0}},"https://menlon.ren/controller/ViewController/UserManager/UserInformationManager/userInputDetailInformationViewController.php":{"post":{"tags":["用户管理/详细信息提交"],"summary":"详细信息提交","description":"","schemes":["https"],"consumes":["multipart/form-data"],"produces":["application/json"],"parameters":[{"name":"type","in":"formData","description":"","required":true,"type":"string","default":"","format":""},{"name":"Usex","in":"formData","description":"","required":true,"type":"string","default":"","format":""},{"name":"Uskin","in":"formData","description":"","required":true,"type":"string","default":"","format":""},{"name":"UschoolIndex","in":"formData","description":"","required":true,"type":"string","default":"","format":""},{"name":"Uschool","in":"formData","description":"","required":true,"type":"string","default":"","format":""},{"name":"Uinfo","in":"formData","description":"","required":true,"type":"string","default":"","format":""},{"name":"UEmail","in":"formData","description":"","required":true,"type":"string","default":"","format":""},{"name":"Ualais","in":"formData","description":"","required":true,"type":"string","default":"","format":""},{"name":"Utel","in":"formData","description":"","required":true,"type":"string","default":"","format":""},{"name":"UimageSrc","in":"formData","description":"","required":true,"type":"string","default":"","format":""}],"responses":{},"sortWeight":100}},"https://menlon.ren/controller/ViewController/UserManager/UserInformationManager/userRegisterController.php":{"post":{"tags":["用户管理/用户注册"],"summary":"用户注册提交","description":"注意这里的学校 信息 下载这个json文件 http://imoment.file.alimmdn.com/school.json?t=1450838340835","schemes":["https"],"consumes":["multipart/form-data"],"produces":["application/json"],"parameters":[{"name":"type","in":"formData","description":"","required":true,"type":"string","default":"","format":""},{"name":"Ualais","in":"formData","description":"","required":true,"type":"string","default":"","format":""},{"name":"UimageSrc","in":"formData","description":"","required":true,"type":"string","default":"","format":""},{"name":"UPhone","in":"formData","description":"","required":true,"type":"string","default":"","format":""},{"name":"Upasswd","in":"formData","description":"","required":true,"type":"string","default":"","format":""},{"name":"CheckNumber","in":"formData","description":"","required":true,"type":"string","default":"","format":""},{"name":"Uschool","in":"formData","description":"","required":true,"type":"string","default":"","format":""},{"name":"UschoolIndex","in":"formData","description":"","required":true,"type":"integer","default":"","format":"int32"}],"responses":{"成功返回值":{"description":"","schema":{"type":"cust","format":"json","content":"{\n\"code\":200, \n\"CheckNumber\":\"123456\"\n} "},"sortWeight":0}},"sortWeight":50}},"https://menlon.ren/controller/ViewController/UserManager/UserInformationManager/userRegisterController.php?type=sentSMS":{"post":{"tags":["用户管理/用户注册"],"summary":"验证码获取","description":"","schemes":["https"],"consumes":["application/json"],"produces":["application/json"],"parameters":[{"name":"type","in":"formData","description":"?type=sentSMS","required":true,"type":"string","default":"sentSMS","format":""},{"name":"UPhone","in":"formData","description":"","required":true,"type":"string","default":"","format":""}],"responses":{"成功返回值":{"description":"","schema":{"type":"cust","format":"json","content":"{\n\t\"code\":200,\n        \"CheckNumber\":\"手机验证码\"\n}"},"sortWeight":0}},"sortWeight":0}}},"definitions":{"热门话题获取List":{"type":"array","description":"","items":{"title":"热门话题获取List","properties":{"3":{"description":"","$ref":"#/definitions/话题对象"},"2":{"description":"","$ref":"#/definitions/话题对象"},"1":{"description":"","$ref":"#/definitions/话题对象"},"5":{"description":"","$ref":"#/definitions/话题对象"},"4":{"description":"","$ref":"#/definitions/话题对象"}}}},"学校对象":{"type":"object","properties":{"id":{"type":"string","description":"在学校总表的位置"},"schoolName":{"type":"string","description":"学校名称"},"Mhttp":{"type":"string","description":"图片/视频地址"},"extra":{"type":"string","description":"拓展json字段<服务器不处理,原样返回>"},"userId":{"type":"string","description":"用户唯一识别码"},"Mfav":{"type":"string","description":"点赞次数"},"Commented_count":{"type":"string","description":"评论次数"},"Mcontent":{"type":"string","description":"发表帖子心情"},"schoolId":{"type":"string","description":"学校id"},"messageId":{"type":"string","description":"消息编号"}},"description":""},"查找学校对象":{"type":"object","properties":{"content":{"type":"string","description":"学校简介"},"schoolName":{"type":"string","description":"学校名称"},"submitTime":{"type":"string","description":"学校类别创建时间"},"schoolId":{"type":"string","description":"学校编号"},"schoolMessageCount":{"type":"string","description":"这个学校发帖总数量"}},"description":""},"失败返回值":{"type":"object","properties":{"code":{"type":"string","description":"801"},"error_msg":{"type":"string","description":"错误原因"}},"description":"{\n\"code\":801,\n\"error_msg\":\"失败原因\"\n}"},"成功返回值{userId}":{"type":"object","properties":{"userId":{"type":"string","description":"用户唯一识别码"},"code":{"type":"string","description":"200"}},"description":"{\n\"code\":200,\n\"userId\":\"用户唯一标识码\"\n}"},"学校List":{"type":"object","properties":{"2":{"description":"排名","$ref":"#/definitions/学校对象"},"1":{"description":"排名","$ref":"#/definitions/学校对象"}},"description":""},"首页帖子List":{"type":"array","description":"","items":{"title":"首页帖子List","properties":{"2":{"description":"","$ref":"#/definitions/帖子对象"},"1":{"description":"","$ref":"#/definitions/帖子对象"}}}},"话题对象":{"type":"object","properties":{"id":{"type":"string","description":"这个帖子在此话题表的序号,可忽略"},"Tname":{"type":"string","description":"话题内容"},"userId":{"type":"string","description":"发帖用户编号"},"messageId":{"type":"string","description":"帖子编号,需要userId和messageId两个字段,定位一个帖子"},"Tid":{"type":"string","description":"话题编号"}},"description":""},"总学校排名List":{"type":"object","properties":{"2":{"description":"总学校排名","$ref":"#/definitions/学校List"},"1":{"description":"总学校排名","$ref":"#/definitions/学校List"}},"description":""},"热度用户子节点":{"type":"object","properties":{"Transferred_count":{"type":"string","description":"转发次数"},"Mhttp":{"type":"string","description":"图片视频地址"},"Type":{"type":"string","description":"帖子类型"},"User_id":{"type":"string","description":"用户id"},"Mfav":{"type":"string","description":"点赞人数"},"Msg_id":{"type":"string","description":"消息id"},"Tid":{"type":"string","description":"话题id"},"Cid":{"type":"string","description":"忽略"},"Mcontent":{"type":"string","description":"评论"},"Commented_count":{"type":"string","description":"评论人数"},"Time_t":{"type":"string","description":"创建时间"},"ImageWidthAndHeight_JSON":{"type":"string","description":"高宽"},"ForUalais":{"type":"string","description":"用户昵称"}},"description":""},"热度用户帖子返回父节点":{"type":"object","properties":{"用户注册表所在序号":{"description":"","$ref":"#/definitions/热度用户子节点"},"序号":{"description":"","$ref":"#/definitions/热度用户子节点"}},"description":""},"用户搜索返回数组json":{"type":"array","description":"","items":{"description":"","$ref":"#/definitions/用户搜索json对象"}},"个人主页 标题对象":{"type":"object","properties":{"Uinfo":{"type":"string","description":"此用户自我简介"},"Follow_count":{"type":"string","description":"此用户关注的人数量"},"Msg_count":{"type":"string","description":"发布帖子数量"},"UimageSrc":{"type":"string","description":"用户头像地址"},"Fans_count":{"type":"string","description":"粉丝数量"},"Ualais":{"type":"string","description":"用户昵称"}},"description":""},"搜索/话题对象":{"type":"object","properties":{"Tname":{"type":"string","description":"话题名称"},"TmessageCount":{"type":"string","description":"此话题的帖子数量"},"Tid":{"type":"string","description":"话题编号"},"Tcontent":{"type":"string","description":"话题内容"},"TsubmitTime":{"type":"string","description":"话题创建时间"}},"description":""},"用户搜索json对象":{"type":"object","properties":{"Uinfo":{"type":"string","description":"用户信息"},"userId":{"type":"string","description":"7_1"},"UimageSrc":{"type":"string","description":"头像地址"},"Ualais":{"type":"string","description":"ssss"}},"description":""},"帖子对象":{"type":"object","properties":{"Transferred_count":{"type":"string","description":""},"Mhttp":{"type":"string","description":""},"extra":{"type":"string","description":""},"User_id":{"type":"string","description":""},"Mfav":{"type":"string","description":""},"Msg_id":{"type":"string","description":"Msg_id"},"locationName":{"type":"string","description":""},"Tid":{"type":"string","description":""},"ImgeWidthAndHeight_JSON":{"type":"string","description":""},"location_y":{"type":"string","description":""},"location_x":{"type":"string","description":""},"Commented_count":{"type":"string","description":""},"Mcontent":{"type":"string","description":""},"Time_t":{"type":"string","description":""},"ForUalais":{"type":"string","description":""}},"description":""},"此用户点赞列表":{"type":"string","description":"[ {\n \"Fid\":1,\n\"UserId\":\"1_1\",\n\"Messagerid\":\"3\",\n\"Ualais\":\"被点赞的用户昵称\",\n\"commitTime\":\"2016-01-12 00:00:00\" \n}]"}}}