[{"replyId":"2","userId":"7_1","messageId":"1","ForUalais":"sss","ForUserId":"7_1","AtUserId":"1_1","AtUserName":"sss","dependReplyId":"5","replyContent":"是4444466多少","replyDateTime":"2016-01-05 22:19:14"},{"replyId":"3","userId":"7_1","messageId":"1","ForUalais":"sss","ForUserId":"7_1","AtUserId":"1_1","AtUserName":"sss","dependReplyId":"5","replyContent":"是4444466多少","replyDateTime":"2016-01-05 22:19:36"},{"replyId":"4","userId":"7_1","messageId":"1","ForUalais":"sss","ForUserId":"7_1","AtUserId":"1_1","AtUserName":"sss","dependReplyId":"5","replyContent":"是4444466多少","replyDateTime":"2016-01-05 22:19:44"},{"replyId":"5","userId":"7_1","messageId":"1","ForUalais":"sss","ForUserId":"7_1","AtUserId":"1_1","AtUserName":"sss","dependReplyId":"5","replyContent":"是4444466多少","replyDateTime":"2016-01-05 22:25:17"}]